,,Pilot production record,,,,,,,,,,,,
Batch_ID,Batch_Disposition,Chitosan_Cost_$,Alginate_Cost_$,CaCl2_Cost_$,Acetic_Acid_Cost_$,Water_Utilities_$,Energy_$,Labor_$,Equipment_Depreciation_$,Overhead_$,Adsorbent_Produced_kg,Adsorption_Capacity_mg_per_g,Total_Production_Cost_$,Cost_per_kg_$
Batch 1,Released,120,95,40,15,10,35,80,25,30,10,150,450,45
Batch 2,Released,118,92,42,15,11,36,82,25,30,10,150,451,45.1
Batch 3,Released,125,98,41,16,10,34,79,25,32,10,150,460,46
Batch 4,Released,122,96,39,15,12,37,83,25,31,10,150,460,46
Batch 5,Released,119,94,40,15,11,35,81,25,30,10,150,450,45
Batch 6,Rejected - off spec,131,104,44,17,14,44,96,25,33,8,96,508,63.5
Batch 7,Rejected - off spec,127,101,43,16,13,41,90,25,33,9,104,489,54.33
,All batches (mean),,,,,,,,,,,135.71,,49.28
,,,,,,,,,,,,,,
,,Cost comparison,,,,,,,,,,,,
Adsorbent,Cost ($/kg),Cost ($/g),Capacity (mg/g),Cost per mg removed ($/mg),Efficiency (mg/$),,,,,,,,,
Biochar,10,0.01,30,,,,,,,,,,,
Chitosan,200,0.2,100,,,,,,,,,,,
Activated Carbon,150,0.15,60,,,,,,,,,,,
Iron Oxide,80,0.08,50,,,,,,,,,,,
CTSAgn,,,,,,,,,,,,,,
Benchmark basis,"Costs assume thermal regeneration at 175 °C over 3 cycles",,,,,,,,,,,,,
